<?xml version="1.0" encoding="UTF-8" standalone="no" ?>
<SimscapeMultibodyImportXML version="2.0" xmlns="urn:mathworks:SimscapeMultibody:import" xmlns:xsi="http://www.w3.org/2001/XMLSchema-instance">
<Created by="" on="03/25/22||22:53:08" using="Simscape Multibody Link Version 7.4" from="SolidWorks 28.4.0"/>
<ModelUnits mass="kilogram" length="millimeter"/>
<DataUnits mass="kilogram" length="meter"/>
<RootAssembly name="bot" uid="bot" version="104">
<AssemblyFile name="bot.SLDASM" type="SolidWorks Assembly"/>
<InstanceTree>
<Instance name="Ritul Self Balancing v2.step-1" uid="Ritul Self Balancing v2.step-1" grounded="true" entityUid="Ritul Self Balancing v2.step" rigid="true">
<Transform>
<Rotation>1 0 0 0 1 0 0 0 1</Rotation>
<Translation>0 0 0</Translation>
</Transform>
<Instance name="STEPPER MOTOR NEMA 17.step-1" uid="STEPPER MOTOR NEMA 17.step-1" grounded="true" entityUid="STEPPER MOTOR NEMA 17.step" rigid="true">
<Transform>
<Rotation>0 -1 0 0 0 1 -1 0 0</Rotation>
<Translation>0 0.040000000000000001 -0.029999999999999999</Translation>
</Transform>
<Instance name="Component2.step-1" uid="Component2.step-1" grounded="true" entityUid="Component2.step*:*Default">
<Transform>
<Rotation>1 0 0 0 1 0 0 0 1</Rotation>
<Translation>-0.108849967382339 -0.039800000149011999 -0.0049999999999999975</Translation>
</Transform>
</Instance>
<Instance name="Component4.step-1" uid="Component4.step-1" grounded="true" entityUid="Component4.step*:*Default">
<Transform>
<Rotation>1 0 0 0 1 0 0 0 1</Rotation>
<Translation>-0.108849967382339 -0.039800000149011999 -0.0049999999999999975</Translation>
</Transform>
</Instance>
<Instance name="Component7.step-1" uid="Component7.step-1" grounded="true" entityUid="Component7.step*:*Default">
<Transform>
<Rotation>1 0 0 0 1 0 0 0 1</Rotation>
<Translation>-0.108849967382339 -0.039800000149011999 -0.0049999999999999975</Translation>
</Transform>
</Instance>
<Instance name="Component8.step-1" uid="Component8.step-1" grounded="true" entityUid="Component8.step*:*Default">
<Transform>
<Rotation>1 0 0 0 1 0 0 0 1</Rotation>
<Translation>-0.108849967382339 -0.039800000149011999 -0.0049999999999999975</Translation>
</Transform>
</Instance>
<Instance name="Component9.step-1" uid="Component9.step-1" grounded="true" entityUid="Component9.step*:*Default">
<Transform>
<Rotation>1 0 0 0 1 0 0 0 1</Rotation>
<Translation>-0.108849967382339 -0.039800000149011999 -0.0049999999999999975</Translation>
</Transform>
</Instance>
<Instance name="Component10.step-1" uid="Component10.step-1" grounded="true" entityUid="Component10.step*:*Default">
<Transform>
<Rotation>1 0 0 0 1 0 0 0 1</Rotation>
<Translation>-0.108849967382339 -0.039800000149011999 -0.0049999999999999975</Translation>
</Transform>
</Instance>
<Instance name="Component11.step-1" uid="Component11.step-1" grounded="true" entityUid="Component11.step*:*Default">
<Transform>
<Rotation>1 0 0 0 1 0 0 0 1</Rotation>
<Translation>-0.108849967382339 -0.039800000149011999 -0.0049999999999999975</Translation>
</Transform>
</Instance>
<Instance name="Component12.step-1" uid="Component12.step-1" grounded="true" entityUid="Component12.step*:*Default">
<Transform>
<Rotation>1 0 0 0 1 0 0 0 1</Rotation>
<Translation>-0.108849967382339 -0.039800000149011999 -0.0049999999999999975</Translation>
</Transform>
</Instance>
<Instance name="Component3.step-1" uid="Component3.step-1" grounded="true" entityUid="Component3.step*:*Default">
<Transform>
<Rotation>1 0 0 0 1 0 0 0 1</Rotation>
<Translation>-0.108849967382339 -0.039800000149011999 -0.0049999999999999975</Translation>
</Transform>
</Instance>
<Instance name="Component5.step-1" uid="Component5.step-1" grounded="true" entityUid="Component5.step*:*Default">
<Transform>
<Rotation>1 0 0 0 1 0 0 0 1</Rotation>
<Translation>-0.108849967382339 -0.039800000149011999 -0.0049999999999999975</Translation>
</Transform>
</Instance>
<Instance name="Component1.step-1" uid="Component1.step-1" grounded="true" entityUid="Component1.step*:*Default">
<Transform>
<Rotation>1 0 0 0 1 0 0 0 1</Rotation>
<Translation>-0.108849967382339 -0.039800000149011999 -0.0049999999999999975</Translation>
</Transform>
</Instance>
<Instance name="Component6.step-1" uid="Component6.step-1" grounded="true" entityUid="Component6.step*:*Default">
<Transform>
<Rotation>1 0 0 0 1 0 0 0 1</Rotation>
<Translation>-0.108849967382339 -0.039800000149011999 -0.0049999999999999975</Translation>
</Transform>
</Instance>
<Instance name="Component13.step-1" uid="Component13.step-1" grounded="true" entityUid="Component13.step*:*Default">
<Transform>
<Rotation>1 0 0 0 1 0 0 0 1</Rotation>
<Translation>-0.108849967382339 -0.039800000149011999 -0.0049999999999999975</Translation>
</Transform>
</Instance>
<Instance name="Component14.step-1" uid="Component14.step-1" grounded="true" entityUid="Component14.step*:*Default">
<Transform>
<Rotation>1 0 0 0 1 0 0 0 1</Rotation>
<Translation>-0.108849967382339 -0.039800000149011999 -0.0049999999999999975</Translation>
</Transform>
</Instance>
</Instance>
<Instance name="Wheel1.step-1" uid="Wheel1.step-1" grounded="true" entityUid="Wheel1.step*:*Default">
<Transform>
<Rotation>0 0 1 0 1 0 -1 0 0</Rotation>
<Translation>-0.016299999999999999 0.035000000000000003 0.078849967382339001</Translation>
</Transform>
</Instance>
<Instance name="STEPPER MOTOR NEMA 17_1.step-1" uid="STEPPER MOTOR NEMA 17_1.step-1" grounded="true" entityUid="STEPPER MOTOR NEMA 17_1.step" rigid="true">
<Transform>
<Rotation>0 1 1.1999999999999999e-14 0 1.1999999999999999e-14 -1 -1 0 0</Rotation>
<Translation>0.095000000000000001 0.040000000000001 -0.029999999999999999</Translation>
</Transform>
<Instance name="Component2.step-1" uid="Component2.step-1" grounded="true" entityUid="Component2.step*:*Default">
<Transform>
<Rotation>1 0 0 0 1 0 0 0 1</Rotation>
<Translation>-0.108849967382339 0.015199999850987994 0.0050000000000010036</Translation>
</Transform>
</Instance>
<Instance name="Component3.step-1" uid="Component3.step-1" grounded="true" entityUid="Component3.step*:*Default">
<Transform>
<Rotation>1 0 0 0 1 0 0 0 1</Rotation>
<Translation>-0.108849967382339 0.015199999850987994 0.0050000000000010036</Translation>
</Transform>
</Instance>
<Instance name="Component1.step-1" uid="Component1.step-1" grounded="true" entityUid="Component1.step*:*Default">
<Transform>
<Rotation>1 0 0 0 1 0 0 0 1</Rotation>
<Translation>-0.108849967382339 0.015199999850987994 0.0050000000000010036</Translation>
</Transform>
</Instance>
<Instance name="Component4.step-1" uid="Component4.step-1" grounded="true" entityUid="Component4.step*:*Default">
<Transform>
<Rotation>1 0 0 0 1 0 0 0 1</Rotation>
<Translation>-0.108849967382339 0.015199999850987994 0.0050000000000010036</Translation>
</Transform>
</Instance>
<Instance name="Component7.step-1" uid="Component7.step-1" grounded="true" entityUid="Component7.step*:*Default">
<Transform>
<Rotation>1 0 0 0 1 0 0 0 1</Rotation>
<Translation>-0.108849967382339 0.015199999850987994 0.0050000000000010036</Translation>
</Transform>
</Instance>
<Instance name="Component6.step-1" uid="Component6.step-1" grounded="true" entityUid="Component6.step*:*Default">
<Transform>
<Rotation>1 0 0 0 1 0 0 0 1</Rotation>
<Translation>-0.108849967382339 0.015199999850987994 0.0050000000000010036</Translation>
</Transform>
</Instance>
<Instance name="Component9.step-1" uid="Component9.step-1" grounded="true" entityUid="Component9.step*:*Default">
<Transform>
<Rotation>1 0 0 0 1 0 0 0 1</Rotation>
<Translation>-0.108849967382339 0.015199999850987994 0.0050000000000010036</Translation>
</Transform>
</Instance>
<Instance name="Component11.step-1" uid="Component11.step-1" grounded="true" entityUid="Component11.step*:*Default">
<Transform>
<Rotation>1 0 0 0 1 0 0 0 1</Rotation>
<Translation>-0.108849967382339 0.015199999850987994 0.0050000000000010036</Translation>
</Transform>
</Instance>
<Instance name="Component12.step-1" uid="Component12.step-1" grounded="true" entityUid="Component12.step*:*Default">
<Transform>
<Rotation>1 0 0 0 1 0 0 0 1</Rotation>
<Translation>-0.108849967382339 0.015199999850987994 0.0050000000000010036</Translation>
</Transform>
</Instance>
<Instance name="Component5.step-1" uid="Component5.step-1" grounded="true" entityUid="Component5.step*:*Default">
<Transform>
<Rotation>1 0 0 0 1 0 0 0 1</Rotation>
<Translation>-0.108849967382339 0.015199999850987994 0.0050000000000010036</Translation>
</Transform>
</Instance>
<Instance name="Component8.step-1" uid="Component8.step-1" grounded="true" entityUid="Component8.step*:*Default">
<Transform>
<Rotation>1 0 0 0 1 0 0 0 1</Rotation>
<Translation>-0.108849967382339 0.015199999850987994 0.0050000000000010036</Translation>
</Transform>
</Instance>
<Instance name="Component14.step-1" uid="Component14.step-1" grounded="true" entityUid="Component14.step*:*Default">
<Transform>
<Rotation>1 0 0 0 1 0 0 0 1</Rotation>
<Translation>-0.108849967382339 0.015199999850987994 0.0050000000000010036</Translation>
</Transform>
</Instance>
<Instance name="Component13.step-1" uid="Component13.step-1" grounded="true" entityUid="Component13.step*:*Default">
<Transform>
<Rotation>1 0 0 0 1 0 0 0 1</Rotation>
<Translation>-0.108849967382339 0.015199999850987994 0.0050000000000010036</Translation>
</Transform>
</Instance>
<Instance name="Component10.step-1" uid="Component10.step-1" grounded="true" entityUid="Component10.step*:*Default">
<Transform>
<Rotation>1 0 0 0 1 0 0 0 1</Rotation>
<Translation>-0.108849967382339 0.015199999850987994 0.0050000000000010036</Translation>
</Transform>
</Instance>
</Instance>
<Instance name="Wheel1.step-2" uid="Wheel1.step-2" grounded="true" entityUid="Wheel1.step*:*Default">
<Transform>
<Rotation>0 0 -1 0 1 0 1 0 0</Rotation>
<Translation>0.1663 0.035000000000000003 0.078849967382339001</Translation>
</Transform>
</Instance>
<Instance name="ArduinoMega_STEP_AP203.step-1" uid="ArduinoMega_STEP_AP203.step-1" grounded="true" entityUid="ArduinoMega_STEP_AP203.step*:*Default">
<Transform>
<Rotation>-1 0 1.0000000000000001e-15 0 1 0 -1.0000000000000001e-15 0 -1</Rotation>
<Translation>0.074999999999999997 0.035000000000000003 0.19665099999999999</Translation>
</Transform>
</Instance>
<Instance name="Chassis.step-1" uid="Chassis.step-1" grounded="true" entityUid="Chassis.step*:*Default">
<Transform>
<Rotation>1 0 0 0 1 0 0 0 1</Rotation>
<Translation>0 0 0</Translation>
</Transform>
</Instance>
</Instance>
</InstanceTree>
<Constraints>
</Constraints>
</RootAssembly>
<Assemblies>
<Assembly name="Ritul Self Balancing v2.step" uid="Ritul Self Balancing v2.step" version="103">
<ModelUnits mass="kilogram" length="millimeter"/>
<AssemblyFile name="Ritul Self Balancing v2.step.SLDASM" type="SolidWorks Assembly"/>
</Assembly>
<Assembly name="STEPPER MOTOR NEMA 17.step" uid="STEPPER MOTOR NEMA 17.step" version="103">
<ModelUnits mass="kilogram" length="millimeter"/>
<AssemblyFile name="STEPPER MOTOR NEMA 17.step.SLDASM" type="SolidWorks Assembly"/>
</Assembly>
<Assembly name="STEPPER MOTOR NEMA 17_1.step" uid="STEPPER MOTOR NEMA 17_1.step" version="103">
<ModelUnits mass="kilogram" length="millimeter"/>
<AssemblyFile name="STEPPER MOTOR NEMA 17_1.step.SLDASM" type="SolidWorks Assembly"/>
</Assembly>
</Assemblies>
<Parts>
<Part name="ArduinoMega_STEP_AP203.step" uid="ArduinoMega_STEP_AP203.step*:*Default" version="102">
<ModelUnits mass="kilogram" length="millimeter"/>
<PartFile name="ArduinoMega_STEP_AP203.step.SLDPRT" type="SolidWorks Part"/>
<MassProperties>
<Mass>0.016579602811356745</Mass>
<CenterOfMass>0.0017544193821226058 8.7075206464859114e-05 -0.0014254992960933263</CenterOfMass>
<Inertia>4.6477198084748181e-06 1.811186044224203e-05 2.2436391964786725e-05 3.2563906206652001e-08 1.0515600695294047e-07 3.5165872376519265e-08</Inertia>
</MassProperties>
<GeometryFile name="ArduinoMega_STEP_AP203.step_Default_sldprt.STEP" type="STEP"/>
<VisualProperties>
<Ambient r="0.62745098039215685" g="0.62745098039215685" b="0.62745098039215685" a="1"/>
<Diffuse r="0.62745098039215685" g="0.62745098039215685" b="0.62745098039215685" a="1"/>
<Specular r="0.31372549019607843" g="0.31372549019607843" b="0.31372549019607843" a="1"/>
<Emissive r="0" g="0" b="0" a="1"/>
<Shininess>0.40000000596046448</Shininess>
</VisualProperties>
</Part>
<Part name="Chassis.step" uid="Chassis.step*:*Default" version="102">
<ModelUnits mass="kilogram" length="millimeter"/>
<PartFile name="Chassis.step.SLDPRT" type="SolidWorks Part"/>
<MassProperties>
<Mass>0.1642123889803847</Mass>
<CenterOfMass>0.075000000000000025 0.034999999999999996 0.14750000000000005</CenterOfMass>
<Inertia>0.0002833210537711452 0.00053608565410052998 0.00038674903933721836 0 0 0</Inertia>
</MassProperties>
<GeometryFile name="Chassis.step_Default_sldprt.STEP" type="STEP"/>
<VisualProperties>
<Ambient r="0.96470588235294119" g="0.96470588235294119" b="0.95294117647058818" a="1"/>
<Diffuse r="0.96470588235294119" g="0.96470588235294119" b="0.95294117647058818" a="1"/>
<Specular r="0.4823529411764706" g="0.4823529411764706" b="0.47647058823529409" a="1"/>
<Emissive r="0" g="0" b="0" a="1"/>
<Shininess>0.40000000596046448</Shininess>
</VisualProperties>
</Part>
<Part name="Component1.step" uid="Component1.step*:*Default" version="102">
<ModelUnits mass="kilogram" length="millimeter"/>
<PartFile name="Component1.step.SLDPRT" type="SolidWorks Part"/>
<MassProperties>
<Mass>0.01360482498064359</Mass>
<CenterOfMass>0 0.0039675780579912405 3.6238727096569335e-06</CenterOfMass>
<Inertia>2.1363422154389453e-06 4.1303078498684655e-06 2.1361812771365105e-06 -2.4317902968871245e-10 0 0</Inertia>
</MassProperties>
<GeometryFile name="Component1.step_Default_sldprt.STEP" type="STEP"/>
<VisualProperties>
<Ambient r="0.96078431372549022" g="0.96078431372549022" b="0.96470588235294119" a="1"/>
<Diffuse r="0.96078431372549022" g="0.96078431372549022" b="0.96470588235294119" a="1"/>
<Specular r="0.48039215686274511" g="0.48039215686274511" b="0.4823529411764706" a="1"/>
<Emissive r="0" g="0" b="0" a="1"/>
<Shininess>0.40000000596046448</Shininess>
</VisualProperties>
</Part>
<Part name="Component10.step" uid="Component10.step*:*Default" version="102">
<ModelUnits mass="kilogram" length="millimeter"/>
<PartFile name="Component10.step.SLDPRT" type="SolidWorks Part"/>
<MassProperties>
<Mass>5.2064358410882241e-07</Mass>
<CenterOfMass>-0.0045000000894069711 0.0050000000745058096 0.022426130670311701</CenterOfMass>
<Inertia>3.1356488869924243e-13 3.1356488869924243e-13 1.6125813374945657e-14 0 0 0</Inertia>
</MassProperties>
<GeometryFile name="Component10.step_Default_sldprt.STEP" type="STEP"/>
<VisualProperties>
<Ambient r="0.792156862745098" g="0.81960784313725488" b="0.93333333333333335" a="1"/>
<Diffuse r="0.792156862745098" g="0.81960784313725488" b="0.93333333333333335" a="1"/>
<Specular r="0.396078431372549" g="0.40980392156862744" b="0.46666666666666667" a="1"/>
<Emissive r="0" g="0" b="0" a="1"/>
<Shininess>0.40000000596046448</Shininess>
</VisualProperties>
</Part>
<Part name="Component11.step" uid="Component11.step*:*Default" version="102">
<ModelUnits mass="kilogram" length="millimeter"/>
<PartFile name="Component11.step.SLDPRT" type="SolidWorks Part"/>
<MassProperties>
<Mass>5.2064358410882241e-07</Mass>
<CenterOfMass>0.0035000000000000001 0.0050000000745058096 0.022426130670311701</CenterOfMass>
<Inertia>3.1356488869924248e-13 3.1356488869924248e-13 1.612581337494566e-14 0 0 0</Inertia>
</MassProperties>
<GeometryFile name="Component11.step_Default_sldprt.STEP" type="STEP"/>
<VisualProperties>
<Ambient r="0.792156862745098" g="0.81960784313725488" b="0.93333333333333335" a="1"/>
<Diffuse r="0.792156862745098" g="0.81960784313725488" b="0.93333333333333335" a="1"/>
<Specular r="0.396078431372549" g="0.40980392156862744" b="0.46666666666666667" a="1"/>
<Emissive r="0" g="0" b="0" a="1"/>
<Shininess>0.40000000596046448</Shininess>
</VisualProperties>
</Part>
<Part name="Component12.step" uid="Component12.step*:*Default" version="102">
<ModelUnits mass="kilogram" length="millimeter"/>
<PartFile name="Component12.step.SLDPRT" type="SolidWorks Part"/>
<MassProperties>
<Mass>5.2064358410882241e-07</Mass>
<CenterOfMass>0.00149999997764826 0.0050000000745058096 0.022426130670311701</CenterOfMass>
<Inertia>3.1356488869924248e-13 3.1356488869924248e-13 1.612581337494566e-14 0 0 0</Inertia>
</MassProperties>
<GeometryFile name="Component12.step_Default_sldprt.STEP" type="STEP"/>
<VisualProperties>
<Ambient r="0.792156862745098" g="0.81960784313725488" b="0.93333333333333335" a="1"/>
<Diffuse r="0.792156862745098" g="0.81960784313725488" b="0.93333333333333335" a="1"/>
<Specular r="0.396078431372549" g="0.40980392156862744" b="0.46666666666666667" a="1"/>
<Emissive r="0" g="0" b="0" a="1"/>
<Shininess>0.40000000596046448</Shininess>
</VisualProperties>
</Part>
<Part name="Component13.step" uid="Component13.step*:*Default" version="102">
<ModelUnits mass="kilogram" length="millimeter"/>
<PartFile name="Component13.step.SLDPRT" type="SolidWorks Part"/>
<MassProperties>
<Mass>0.00012000000178814014</Mass>
<CenterOfMass>-0.00068348264350693384 0.0012500001490116195 0.022492297832577897</CenterOfMass>
<Inertia>1.5250000227242801e-10 2.6500001157820756e-09 2.6225001153722939e-09 0 0 0</Inertia>
</MassProperties>
<GeometryFile name="Component13.step_Default_sldprt.STEP" type="STEP"/>
<VisualProperties>
<Ambient r="0.70196078431372544" g="0.70196078431372544" b="0.70196078431372544" a="1"/>
<Diffuse r="0.70196078431372544" g="0.70196078431372544" b="0.70196078431372544" a="1"/>
<Specular r="0.35098039215686272" g="0.35098039215686272" b="0.35098039215686272" a="1"/>
<Emissive r="0" g="0" b="0" a="1"/>
<Shininess>0.40000000596046448</Shininess>
</VisualProperties>
</Part>
<Part name="Component14.step" uid="Component14.step*:*Default" version="102">
<ModelUnits mass="kilogram" length="millimeter"/>
<PartFile name="Component14.step.SLDPRT" type="SolidWorks Part"/>
<MassProperties>
<Mass>4.009499820761387e-05</Mass>
<CenterOfMass>-0.00067499998491257459 0.0030000001490116204 0.02254999949596825</CenterOfMass>
<Inertia>2.7698960172885429e-11 7.6117844757033983e-10 7.4016198709872338e-10 0 0 0</Inertia>
</MassProperties>
<GeometryFile name="Component14.step_Default_sldprt.STEP" type="STEP"/>
<VisualProperties>
<Ambient r="0.96470588235294119" g="0.96470588235294119" b="0.95294117647058818" a="1"/>
<Diffuse r="0.96470588235294119" g="0.96470588235294119" b="0.95294117647058818" a="1"/>
<Specular r="0.4823529411764706" g="0.4823529411764706" b="0.47647058823529409" a="1"/>
<Emissive r="0" g="0" b="0" a="1"/>
<Shininess>0.40000000596046448</Shininess>
</VisualProperties>
</Part>
<Part name="Component2.step" uid="Component2.step*:*Default" version="102">
<ModelUnits mass="kilogram" length="millimeter"/>
<PartFile name="Component2.step.SLDPRT" type="SolidWorks Part"/>
<MassProperties>
<Mass>0.018105841975393673</Mass>
<CenterOfMass>1.8480191631802764e-08 0.035037068792228412 -6.9189875395039659e-08</CenterOfMass>
<Inertia>2.7643589862866586e-06 5.1842971180520709e-06 2.7643619434122766e-06 3.123033994931003e-12 1.0132620597746594e-12 -1.7303597639500217e-12</Inertia>
</MassProperties>
<GeometryFile name="Component2.step_Default_sldprt.STEP" type="STEP"/>
<VisualProperties>
<Ambient r="0.96078431372549022" g="0.96078431372549022" b="0.96470588235294119" a="1"/>
<Diffuse r="0.96078431372549022" g="0.96078431372549022" b="0.96470588235294119" a="1"/>
<Specular r="0.48039215686274511" g="0.48039215686274511" b="0.4823529411764706" a="1"/>
<Emissive r="0" g="0" b="0" a="1"/>
<Shininess>0.40000000596046448</Shininess>
</VisualProperties>
</Part>
<Part name="Component3.step" uid="Component3.step*:*Default" version="102">
<ModelUnits mass="kilogram" length="millimeter"/>
<PartFile name="Component3.step.SLDPRT" type="SolidWorks Part"/>
<MassProperties>
<Mass>0.001177090111391374</Mass>
<CenterOfMass>-3.706429332864048e-05 0.032230630436085726 5.6799682841888236e-10</CenterOfMass>
<Inertia>3.6324571832438451e-07 3.6312148571877411e-09 3.6315691338860125e-07 -1.6468827620189921e-14 -9.1526307554970712e-16 9.1848998365994128e-10</Inertia>
</MassProperties>
<GeometryFile name="Component3.step_Default_sldprt.STEP" type="STEP"/>
<VisualProperties>
<Ambient r="0.83137254901960778" g="0.81960784313725488" b="0.78823529411764703" a="1"/>
<Diffuse r="0.83137254901960778" g="0.81960784313725488" b="0.78823529411764703" a="1"/>
<Specular r="0.41568627450980389" g="0.40980392156862744" b="0.39411764705882352" a="1"/>
<Emissive r="0" g="0" b="0" a="1"/>
<Shininess>0.40000000596046448</Shininess>
</VisualProperties>
</Part>
<Part name="Component4.step" uid="Component4.step*:*Default" version="102">
<ModelUnits mass="kilogram" length="millimeter"/>
<PartFile name="Component4.step.SLDPRT" type="SolidWorks Part"/>
<MassProperties>
<Mass>0.038065537522258976</Mass>
<CenterOfMass>0 0.018800000149011609 0</CenterOfMass>
<Inertia>7.1003345608882975e-06 1.1130049094981039e-05 7.1003345608882975e-06 0 0 0</Inertia>
</MassProperties>
<GeometryFile name="Component4.step_Default_sldprt.STEP" type="STEP"/>
<VisualProperties>
<Ambient r="0.098039215686274508" g="0.098039215686274508" b="0.098039215686274508" a="1"/>
<Diffuse r="0.098039215686274508" g="0.098039215686274508" b="0.098039215686274508" a="1"/>
<Specular r="0.049019607843137254" g="0.049019607843137254" b="0.049019607843137254" a="1"/>
<Emissive r="0" g="0" b="0" a="1"/>
<Shininess>0.40000000596046448</Shininess>
</VisualProperties>
</Part>
<Part name="Component5.step" uid="Component5.step*:*Default" version="102">
<ModelUnits mass="kilogram" length="millimeter"/>
<PartFile name="Component5.step.SLDPRT" type="SolidWorks Part"/>
<MassProperties>
<Mass>4.0094998207613904e-05</Mass>
<CenterOfMass>-0.00067499998491257513 0.0043500001188367596 0.021199999526143102</CenterOfMass>
<Inertia>2.7698960172885445e-11 7.401619870987238e-10 7.6117844757034025e-10 0 0 0</Inertia>
</MassProperties>
<GeometryFile name="Component5.step_Default_sldprt.STEP" type="STEP"/>
<VisualProperties>
<Ambient r="0.96470588235294119" g="0.96470588235294119" b="0.95294117647058818" a="1"/>
<Diffuse r="0.96470588235294119" g="0.96470588235294119" b="0.95294117647058818" a="1"/>
<Specular r="0.4823529411764706" g="0.4823529411764706" b="0.47647058823529409" a="1"/>
<Emissive r="0" g="0" b="0" a="1"/>
<Shininess>0.40000000596046448</Shininess>
</VisualProperties>
</Part>
<Part name="Component6.step" uid="Component6.step*:*Default" version="102">
<ModelUnits mass="kilogram" length="millimeter"/>
<PartFile name="Component6.step.SLDPRT" type="SolidWorks Part"/>
<MassProperties>
<Mass>1.0378795293199136e-05</Mass>
<CenterOfMass>-0.0076834798367273038 0.0042303862232563457 0.022498160850486334</CenterOfMass>
<Inertia>1.8138875544716109e-11 8.6203900773603403e-12 1.1225831842256718e-11 3.2241583262753527e-14 0 0</Inertia>
</MassProperties>
<GeometryFile name="Component6.step_Default_sldprt.STEP" type="STEP"/>
<VisualProperties>
<Ambient r="0.96470588235294119" g="0.96470588235294119" b="0.95294117647058818" a="1"/>
<Diffuse r="0.96470588235294119" g="0.96470588235294119" b="0.95294117647058818" a="1"/>
<Specular r="0.4823529411764706" g="0.4823529411764706" b="0.47647058823529409" a="1"/>
<Emissive r="0" g="0" b="0" a="1"/>
<Shininess>0.40000000596046448</Shininess>
</VisualProperties>
</Part>
<Part name="Component7.step" uid="Component7.step*:*Default" version="102">
<ModelUnits mass="kilogram" length="millimeter"/>
<PartFile name="Component7.step.SLDPRT" type="SolidWorks Part"/>
<MassProperties>
<Mass>1.0378788828495862e-05</Mass>
<CenterOfMass>0.0063165204687541743 0.0042303851992538657 0.022498160762452694</CenterOfMass>
<Inertia>1.8138851872466509e-11 8.6203834760165251e-12 1.1225812790165316e-11 3.2243072043550599e-14 0 0</Inertia>
</MassProperties>
<GeometryFile name="Component7.step_Default_sldprt.STEP" type="STEP"/>
<VisualProperties>
<Ambient r="0.96470588235294119" g="0.96470588235294119" b="0.95294117647058818" a="1"/>
<Diffuse r="0.96470588235294119" g="0.96470588235294119" b="0.95294117647058818" a="1"/>
<Specular r="0.4823529411764706" g="0.4823529411764706" b="0.47647058823529409" a="1"/>
<Emissive r="0" g="0" b="0" a="1"/>
<Shininess>0.40000000596046448</Shininess>
</VisualProperties>
</Part>
<Part name="Component8.step" uid="Component8.step*:*Default" version="102">
<ModelUnits mass="kilogram" length="millimeter"/>
<PartFile name="Component8.step.SLDPRT" type="SolidWorks Part"/>
<MassProperties>
<Mass>5.2064358410882241e-07</Mass>
<CenterOfMass>-0.0025000000596046403 0.0050000000745058096 0.022426130670311701</CenterOfMass>
<Inertia>3.1356488869924248e-13 3.1356488869924248e-13 1.612581337494566e-14 0 0 0</Inertia>
</MassProperties>
<GeometryFile name="Component8.step_Default_sldprt.STEP" type="STEP"/>
<VisualProperties>
<Ambient r="0.792156862745098" g="0.81960784313725488" b="0.93333333333333335" a="1"/>
<Diffuse r="0.792156862745098" g="0.81960784313725488" b="0.93333333333333335" a="1"/>
<Specular r="0.396078431372549" g="0.40980392156862744" b="0.46666666666666667" a="1"/>
<Emissive r="0" g="0" b="0" a="1"/>
<Shininess>0.40000000596046448</Shininess>
</VisualProperties>
</Part>
<Part name="Component9.step" uid="Component9.step*:*Default" version="102">
<ModelUnits mass="kilogram" length="millimeter"/>
<PartFile name="Component9.step.SLDPRT" type="SolidWorks Part"/>
<MassProperties>
<Mass>5.2064358410882241e-07</Mass>
<CenterOfMass>-0.00050000003725290292 0.0050000000745058096 0.022426130670311701</CenterOfMass>
<Inertia>3.1356488869924248e-13 3.1356488869924248e-13 1.612581337494566e-14 0 0 0</Inertia>
</MassProperties>
<GeometryFile name="Component9.step_Default_sldprt.STEP" type="STEP"/>
<VisualProperties>
<Ambient r="0.96078431372549022" g="0.96078431372549022" b="0.96470588235294119" a="1"/>
<Diffuse r="0.96078431372549022" g="0.96078431372549022" b="0.96470588235294119" a="1"/>
<Specular r="0.48039215686274511" g="0.48039215686274511" b="0.4823529411764706" a="1"/>
<Emissive r="0" g="0" b="0" a="1"/>
<Shininess>0.40000000596046448</Shininess>
</VisualProperties>
</Part>
<Part name="Wheel1.step" uid="Wheel1.step*:*Default" version="102">
<ModelUnits mass="kilogram" length="millimeter"/>
<PartFile name="Wheel1.step.SLDPRT" type="SolidWorks Part"/>
<MassProperties>
<Mass>0.049290672647954482</Mass>
<CenterOfMass>-3.5381764620248389e-11 5.0611542953885087e-11 -8.1125253812823344e-11</CenterOfMass>
<Inertia>2.6293277664321108e-05 2.6293277681117782e-05 5.0039187563607007e-05 1.8066113323529371e-14 2.5768431975356823e-14 -2.3738424214982218e-14</Inertia>
</MassProperties>
<GeometryFile name="Wheel1.step_Default_sldprt.STEP" type="STEP"/>
<VisualProperties>
<Ambient r="0.792156862745098" g="0.81960784313725488" b="0.93333333333333335" a="1"/>
<Diffuse r="0.792156862745098" g="0.81960784313725488" b="0.93333333333333335" a="1"/>
<Specular r="0.396078431372549" g="0.40980392156862744" b="0.46666666666666667" a="1"/>
<Emissive r="0" g="0" b="0" a="1"/>
<Shininess>0.40000000596046448</Shininess>
</VisualProperties>
</Part>
</Parts>
</SimscapeMultibodyImportXML>
